<metadata xml:lang="en"><Esri><CreaDate>20170626</CreaDate><CreaTime>16422500</CreaTime><ArcGISFormat>1.0</ArcGISFormat><SyncOnce>FALSE</SyncOnce><DataProperties><itemProps><itemLocation><linkage Sync="TRUE">file://\\dbedt.net\data$\Divisions\OP\GIS\00_New Data to clean and load\00_201903xx - Update 26\Metadata\Revised\osds_oah.shp</linkage><protocol Sync="TRUE">Local Area Network</protocol></itemLocation><itemName Sync="TRUE">osds_oah</itemName><imsContentType Sync="TRUE">002</imsContentType><nativeExtBox><westBL Sync="TRUE">575282.461200</westBL><eastBL Sync="TRUE">639977.896800</eastBL><southBL Sync="TRUE">2350891.557100</southBL><northBL Sync="TRUE">2400651.496000</northBL><exTypeCode Sync="TRUE">1</exTypeCode></nativeExtBox><itemSize Sync="TRUE">0.000</itemSize></itemProps><copyHistory><copy source="C:\Data\OSDS\OSDS_Phase-II\OSDS-II_HRAG\hi_state_osds\oahu_osds" dest="\\BUFFALO-PC\C$\Data\OSDS\OSDS_Phase-II\OSDS-II_HRAG\hi_state_osds\oahu_osds\oahu_osds" date="20121023" time="09434700"/></copyHistory><lineage><Process ToolSource="c:\program files (x86)\arcgis\desktop10.4\ArcToolbox\Toolboxes\Data Management Tools.tbx\Project" Date="20170515" Time="175535" Name="" export="">Project oahu_osds "C:\Users\JoanD\Documents\Data\Data In\20170512 - OSDS from Mitch Martello and Bob Whittier\hawaii_osds_prj.shp" PROJCS['NAD_1983_HARN_UTM_Zone_4N',GEOGCS['GCS_North_American_1983_HARN',DATUM['D_North_American_1983_HARN',SPHEROID['GRS_1980',6378137.0,298.257222101]],PRIMEM['Greenwich',0.0],UNIT['Degree',0.0174532925199433]],PROJECTION['Transverse_Mercator'],PARAMETER['False_Easting',500000.0],PARAMETER['False_Northing',0.0],PARAMETER['Central_Meridian',-159.0],PARAMETER['Scale_Factor',0.9996],PARAMETER['Latitude_Of_Origin',0.0],UNIT['Meter',1.0]] NAD_1983_To_HARN_Hawaii PROJCS['NAD_1983_UTM_Zone_4N',GEOGCS['GCS_North_American_1983',DATUM['D_North_American_1983',SPHEROID['GRS_1980',6378137.0,298.257222101]],PRIMEM['Greenwich',0.0],UNIT['Degree',0.0174532925199433]],PROJECTION['Transverse_Mercator'],PARAMETER['False_Easting',500000.0],PARAMETER['False_Northing',0.0],PARAMETER['Central_Meridian',-159.0],PARAMETER['Scale_Factor',0.9996],PARAMETER['Latitude_Of_Origin',0.0],UNIT['Meter',1.0]] NO_PRESERVE_SHAPE # NO_VERTICAL</Process><Process ToolSource="c:\program files (x86)\arcgis\desktop10.4\ArcToolbox\Toolboxes\Data Management Tools.tbx\CopyFeatures" Date="20170516" Time="160835" Name="" export="">CopyFeatures "C:\Users\JoanD\Documents\Data\Data In\20170512 - OSDS from Mitch Martello and Bob Whittier\osds_oah.shp" "C:\Users\JoanD\Documents\Data\Data In\20170512 - OSDS from Mitch Martello and Bob Whittier\osds.gdb\osds_oah" # 0 0 0</Process><Process ToolSource="c:\program files (x86)\arcgis\desktop10.6\ArcToolbox\Toolboxes\Conversion Tools.tbx\FeatureClassToFeatureClass" Date="20190401" Time="184429">FeatureClassToFeatureClass Z:\Geodatabase\SOH.gdb\Infrastructure\osds_oah "J:\GIS\00_New Data to clean and load\00_201903xx - Update 26\Metadata\Revised" osds_oah.shp # "FID_1 "FID_1" true true false 4 Long 0 0 ,First,#,Z:\Geodatabase\SOH.gdb\Infrastructure\osds_oah,FID_1,-1,-1;ACRES "ACRES" true true false 8 Double 0 0 ,First,#,Z:\Geodatabase\SOH.gdb\Infrastructure\osds_oah,ACRES,-1,-1;TMK8_NUM "TMK8_NUM" true true false 8 Double 0 0 ,First,#,Z:\Geodatabase\SOH.gdb\Infrastructure\osds_oah,TMK8_NUM,-1,-1;TMK8_ALPH "TMK8_ALPH" true true false 16 Text 0 0 ,First,#,Z:\Geodatabase\SOH.gdb\Infrastructure\osds_oah,TMK8_ALPH,-1,-1;TMK_9 "TMK_9" true true false 8 Double 0 0 ,First,#,Z:\Geodatabase\SOH.gdb\Infrastructure\osds_oah,TMK_9,-1,-1;TYPE "TYPE" true true false 18 Text 0 0 ,First,#,Z:\Geodatabase\SOH.gdb\Infrastructure\osds_oah,TYPE,-1,-1;OSDS_CLASS "OSDS_CLASS" true true false 18 Text 0 0 ,First,#,Z:\Geodatabase\SOH.gdb\Infrastructure\osds_oah,OSDS_CLASS,-1,-1;X "X" true true false 8 Double 0 0 ,First,#,Z:\Geodatabase\SOH.gdb\Infrastructure\osds_oah,X,-1,-1;Y "Y" true true false 8 Double 0 0 ,First,#,Z:\Geodatabase\SOH.gdb\Infrastructure\osds_oah,Y,-1,-1;SOIL_QTY "SOIL_QTY" true true false 8 Double 0 0 ,First,#,Z:\Geodatabase\SOH.gdb\Infrastructure\osds_oah,SOIL_QTY,-1,-1;SOIL_N "SOIL_N" true true false 8 Double 0 0 ,First,#,Z:\Geodatabase\SOH.gdb\Infrastructure\osds_oah,SOIL_N,-1,-1;SOIL_P "SOIL_P" true true false 8 Double 0 0 ,First,#,Z:\Geodatabase\SOH.gdb\Infrastructure\osds_oah,SOIL_P,-1,-1;SOIL_FC "SOIL_FC" true true false 8 Double 0 0 ,First,#,Z:\Geodatabase\SOH.gdb\Infrastructure\osds_oah,SOIL_FC,-1,-1;SOIL_EFF "SOIL_EFF" true true false 8 Double 0 0 ,First,#,Z:\Geodatabase\SOH.gdb\Infrastructure\osds_oah,SOIL_EFF,-1,-1;SOIL_NFLX "SOIL_NFLX" true true false 8 Double 0 0 ,First,#,Z:\Geodatabase\SOH.gdb\Infrastructure\osds_oah,SOIL_NFLX,-1,-1;SOIL_PFLX "SOIL_PFLX" true true false 8 Double 0 0 ,First,#,Z:\Geodatabase\SOH.gdb\Infrastructure\osds_oah,SOIL_PFLX,-1,-1;ST_QTY_1 "ST_QTY_1" true true false 9 Text 0 0 ,First,#,Z:\Geodatabase\SOH.gdb\Infrastructure\osds_oah,ST_QTY_1,-1,-1;ST_N_1 "ST_N_1" true true false 9 Text 0 0 ,First,#,Z:\Geodatabase\SOH.gdb\Infrastructure\osds_oah,ST_N_1,-1,-1;ST_P_1 "ST_P_1" true true false 9 Text 0 0 ,First,#,Z:\Geodatabase\SOH.gdb\Infrastructure\osds_oah,ST_P_1,-1,-1;ST_FC_1 "ST_FC_1" true true false 9 Text 0 0 ,First,#,Z:\Geodatabase\SOH.gdb\Infrastructure\osds_oah,ST_FC_1,-1,-1;ST_EFF_1 "ST_EFF_1" true true false 9 Text 0 0 ,First,#,Z:\Geodatabase\SOH.gdb\Infrastructure\osds_oah,ST_EFF_1,-1,-1;ST_NFLX_1 "ST_NFLX_1" true true false 9 Text 0 0 ,First,#,Z:\Geodatabase\SOH.gdb\Infrastructure\osds_oah,ST_NFLX_1,-1,-1;ST_PFLX_1 "ST_PFLX_1" true true false 9 Text 0 0 ,First,#,Z:\Geodatabase\SOH.gdb\Infrastructure\osds_oah,ST_PFLX_1,-1,-1;AU_QTY "AU_QTY" true true false 9 Text 0 0 ,First,#,Z:\Geodatabase\SOH.gdb\Infrastructure\osds_oah,AU_QTY,-1,-1;AU_N "AU_N" true true false 9 Text 0 0 ,First,#,Z:\Geodatabase\SOH.gdb\Infrastructure\osds_oah,AU_N,-1,-1;AU_P "AU_P" true true false 9 Text 0 0 ,First,#,Z:\Geodatabase\SOH.gdb\Infrastructure\osds_oah,AU_P,-1,-1;AU_FC "AU_FC" true true false 9 Text 0 0 ,First,#,Z:\Geodatabase\SOH.gdb\Infrastructure\osds_oah,AU_FC,-1,-1;AU_EFF "AU_EFF" true true false 9 Text 0 0 ,First,#,Z:\Geodatabase\SOH.gdb\Infrastructure\osds_oah,AU_EFF,-1,-1;AU_NFLX "AU_NFLX" true true false 9 Text 0 0 ,First,#,Z:\Geodatabase\SOH.gdb\Infrastructure\osds_oah,AU_NFLX,-1,-1;AU_PFLX "AU_PFLX" true true false 9 Text 0 0 ,First,#,Z:\Geodatabase\SOH.gdb\Infrastructure\osds_oah,AU_PFLX,-1,-1;CP_QTY "CP_QTY" true true false 9 Text 0 0 ,First,#,Z:\Geodatabase\SOH.gdb\Infrastructure\osds_oah,CP_QTY,-1,-1;CP_N "CP_N" true true false 9 Text 0 0 ,First,#,Z:\Geodatabase\SOH.gdb\Infrastructure\osds_oah,CP_N,-1,-1;CP_P "CP_P" true true false 9 Text 0 0 ,First,#,Z:\Geodatabase\SOH.gdb\Infrastructure\osds_oah,CP_P,-1,-1;CP_FC "CP_FC" true true false 9 Text 0 0 ,First,#,Z:\Geodatabase\SOH.gdb\Infrastructure\osds_oah,CP_FC,-1,-1;CP_EFF "CP_EFF" true true false 9 Text 0 0 ,First,#,Z:\Geodatabase\SOH.gdb\Infrastructure\osds_oah,CP_EFF,-1,-1;CP_NFLX "CP_NFLX" true true false 19 Text 0 0 ,First,#,Z:\Geodatabase\SOH.gdb\Infrastructure\osds_oah,CP_NFLX,-1,-1;CP_PFLX "CP_PFLX" true true false 19 Text 0 0 ,First,#,Z:\Geodatabase\SOH.gdb\Infrastructure\osds_oah,CP_PFLX,-1,-1;TTL_OSDS "TTL_OSDS" true true false 8 Double 0 0 ,First,#,Z:\Geodatabase\SOH.gdb\Infrastructure\osds_oah,TTL_OSDS,-1,-1;TTL_EFF "TTL_EFF" true true false 4 Long 0 0 ,First,#,Z:\Geodatabase\SOH.gdb\Infrastructure\osds_oah,TTL_EFF,-1,-1;TTL_N "TTL_N" true true false 8 Double 0 0 ,First,#,Z:\Geodatabase\SOH.gdb\Infrastructure\osds_oah,TTL_N,-1,-1;TTL_P "TTL_P" true true false 8 Double 0 0 ,First,#,Z:\Geodatabase\SOH.gdb\Infrastructure\osds_oah,TTL_P,-1,-1;RSK_SCORE "RSK_SCORE" true true false 8 Double 0 0 ,First,#,Z:\Geodatabase\SOH.gdb\Infrastructure\osds_oah,RSK_SCORE,-1,-1;TOWNS "TOWNS" true true false 30 Text 0 0 ,First,#,Z:\Geodatabase\SOH.gdb\Infrastructure\osds_oah,TOWNS,-1,-1" #</Process></lineage><coordRef><type Sync="TRUE">Projected</type><geogcsn Sync="TRUE">GCS_North_American_1983_HARN</geogcsn><csUnits Sync="TRUE">Linear Unit: Meter (1.000000)</csUnits><projcsn Sync="TRUE">NAD_1983_HARN_UTM_Zone_4N</projcsn><peXml Sync="TRUE">&lt;ProjectedCoordinateSystem xsi:type='typens:ProjectedCoordinateSystem' xmlns:xsi='http://www.w3.org/2001/XMLSchema-instance' xmlns:xs='http://www.w3.org/2001/XMLSchema' xmlns:typens='http://www.esri.com/schemas/ArcGIS/10.6'&gt;&lt;WKT&gt;PROJCS[&amp;quot;NAD_1983_HARN_UTM_Zone_4N&amp;quot;,GEOGCS[&amp;quot;GCS_North_American_1983_HARN&amp;quot;,DATUM[&amp;quot;D_North_American_1983_HARN&amp;quot;,SPHEROID[&amp;quot;GRS_1980&amp;quot;,6378137.0,298.257222101]],PRIMEM[&amp;quot;Greenwich&amp;quot;,0.0],UNIT[&amp;quot;Degree&amp;quot;,0.0174532925199433]],PROJECTION[&amp;quot;Transverse_Mercator&amp;quot;],PARAMETER[&amp;quot;False_Easting&amp;quot;,500000.0],PARAMETER[&amp;quot;False_Northing&amp;quot;,0.0],PARAMETER[&amp;quot;Central_Meridian&amp;quot;,-159.0],PARAMETER[&amp;quot;Scale_Factor&amp;quot;,0.9996],PARAMETER[&amp;quot;Latitude_Of_Origin&amp;quot;,0.0],UNIT[&amp;quot;Meter&amp;quot;,1.0],AUTHORITY[&amp;quot;EPSG&amp;quot;,3750]]&lt;/WKT&gt;&lt;XOrigin&gt;-5120900&lt;/XOrigin&gt;&lt;YOrigin&gt;-9998100&lt;/YOrigin&gt;&lt;XYScale&gt;450445547.3910538&lt;/XYScale&gt;&lt;ZOrigin&gt;-100000&lt;/ZOrigin&gt;&lt;ZScale&gt;10000&lt;/ZScale&gt;&lt;MOrigin&gt;-100000&lt;/MOrigin&gt;&lt;MScale&gt;10000&lt;/MScale&gt;&lt;XYTolerance&gt;0.001&lt;/XYTolerance&gt;&lt;ZTolerance&gt;0.001&lt;/ZTolerance&gt;&lt;MTolerance&gt;0.001&lt;/MTolerance&gt;&lt;HighPrecision&gt;true&lt;/HighPrecision&gt;&lt;WKID&gt;102202&lt;/WKID&gt;&lt;LatestWKID&gt;3750&lt;/LatestWKID&gt;&lt;/ProjectedCoordinateSystem&gt;</peXml></coordRef></DataProperties><ArcGISstyle>FGDC CSDGM Metadata</ArcGISstyle><SyncDate>20190401</SyncDate><SyncTime>18442400</SyncTime><ModDate>20190401</ModDate><ModTime>18442400</ModTime><scaleRange><minScale>150000000</minScale><maxScale>5000</maxScale></scaleRange><ArcGISProfile>FGDC</ArcGISProfile></Esri><dataIdInfo><envirDesc Sync="TRUE"> Version 6.2 (Build 9200) ; Esri ArcGIS 10.6.1.9270</envirDesc><dataLang><languageCode value="eng" Sync="TRUE"/><countryCode value="USA" Sync="TRUE"/></dataLang><idCitation><resTitle Sync="TRUE">osds_oah</resTitle><presForm><PresFormCd value="005" Sync="TRUE"/></presForm></idCitation><spatRpType><SpatRepTypCd value="001" Sync="TRUE"/></spatRpType><dataExt><geoEle xmlns=""><GeoBndBox esriExtentType="search"><exTypeCode Sync="TRUE">1</exTypeCode><westBL Sync="TRUE">-158.274394</westBL><eastBL Sync="TRUE">-157.646783</eastBL><northBL Sync="TRUE">21.707706</northBL><southBL Sync="TRUE">21.254318</southBL></GeoBndBox></geoEle></dataExt><searchKeys><keyword>onsite sewage disposal system</keyword><keyword>osds</keyword><keyword>cesspools</keyword><keyword>effluent</keyword><keyword>wastewater</keyword><keyword>discharge</keyword><keyword>contamination</keyword><keyword>UIC</keyword><keyword>underground injection control</keyword></searchKeys><idPurp>Approximate locations of onsite sewage disposal systems for the Island of Oahu (2008). Source: Hawaii State Department of Health. Developed in 2008 as part of the Hawaii State DOH source water protection program to assess the health and environmental risks posed by onsite sewage disposal systems. For more information, please see metadata at http://files.hawaii.gov/dbedt/op/gis/data/osds_oah.pdf or contact Hawaii Statewide GIS Program, Office of Planning, State of Hawaii; PO Box 2359, Honolulu, Hi. 96804; (808) 587-2846; email: gis@hawaii.gov; Website: http://planning.hawaii.gov/gis.</idPurp><idAbs>&lt;DIV STYLE="text-align:Left;"&gt;&lt;DIV&gt;&lt;DIV&gt;&lt;P&gt;&lt;SPAN&gt;Approximate locations of onsite sewage disposal systems for the Island of Oahu (2008). Source: Hawaii State Department of Health. Developed in 2008 as part of the Hawaii State DOH source water protection program to assess the health and environmental risks posed by onsite sewage disposal systems. For more information, please see metadata at http://files.hawaii.gov/dbedt/op/gis/data/osds_oah.pdf or contact Hawaii Statewide GIS Program, Office of Planning, State of Hawaii; PO Box 2359, Honolulu, Hi. 96804; (808) 587-2846; email: gis@hawaii.gov; Website: http://planning.hawaii.gov/gis.&lt;/SPAN&gt;&lt;/P&gt;&lt;/DIV&gt;&lt;/DIV&gt;&lt;/DIV&gt;</idAbs><idCredit>Hawaii State Department of Health Source Water Protection Program</idCredit></dataIdInfo><mdLang><languageCode value="eng" Sync="TRUE"/><countryCode value="USA" Sync="TRUE"/></mdLang><distInfo><distFormat><formatName Sync="TRUE">Shapefile</formatName></distFormat><distTranOps><transSize Sync="TRUE">0.000</transSize></distTranOps></distInfo><mdHrLv><ScopeCd value="005" Sync="TRUE"/></mdHrLv><mdHrLvName Sync="TRUE">dataset</mdHrLvName><refSysInfo><RefSystem><refSysID><identCode code="3750" Sync="TRUE"/><idCodeSpace Sync="TRUE">EPSG</idCodeSpace><idVersion Sync="TRUE">6.13(10.0.0)</idVersion></refSysID></RefSystem></refSysInfo><spatRepInfo><VectSpatRep><geometObjs Name="osds_oah"><geoObjTyp><GeoObjTypCd value="004" Sync="TRUE"></GeoObjTypCd></geoObjTyp><geoObjCnt Sync="TRUE">0</geoObjCnt></geometObjs><topLvl><TopoLevCd value="001" Sync="TRUE"></TopoLevCd></topLvl></VectSpatRep></spatRepInfo><spdoinfo><ptvctinf><esriterm Name="osds_oah"><efeatyp Sync="TRUE">Simple</efeatyp><efeageom code="1" Sync="TRUE"></efeageom><esritopo Sync="TRUE">FALSE</esritopo><efeacnt Sync="TRUE">0</efeacnt><spindex Sync="TRUE">FALSE</spindex><linrefer Sync="TRUE">FALSE</linrefer></esriterm></ptvctinf></spdoinfo><eainfo><detailed Name="osds_oah"><enttyp><enttypl Sync="TRUE">osds_oah</enttypl><enttypt Sync="TRUE">Feature Class</enttypt><enttypc Sync="TRUE">0</enttypc></enttyp><attr><attrlabl Sync="TRUE">FID</attrlabl><attalias Sync="TRUE">FID</attalias><attrtype Sync="TRUE">OID</attrtype><attwidth Sync="TRUE">4</attwidth><atprecis Sync="TRUE">0</atprecis><attscale Sync="TRUE">0</attscale><attrdef Sync="TRUE">Internal feature number.</attrdef><attrdefs Sync="TRUE">Esri</attrdefs><attrdomv><udom Sync="TRUE">Sequential unique whole numbers that are automatically generated.</udom></attrdomv></attr><attr><attrlabl Sync="TRUE">Shape</attrlabl><attalias Sync="TRUE">Shape</attalias><attrtype Sync="TRUE">Geometry</attrtype><attwidth Sync="TRUE">0</attwidth><atprecis Sync="TRUE">0</atprecis><attscale Sync="TRUE">0</attscale><attrdef Sync="TRUE">Feature geometry.</attrdef><attrdefs Sync="TRUE">Esri</attrdefs><attrdomv><udom Sync="TRUE">Coordinates defining the features.</udom></attrdomv></attr><attr><attrlabl Sync="TRUE">FID_1</attrlabl><attalias Sync="TRUE">FID_1</attalias><attrtype Sync="TRUE">Integer</attrtype><attwidth Sync="TRUE">10</attwidth><atprecis Sync="TRUE">10</atprecis><attscale Sync="TRUE">0</attscale></attr><attr><attrlabl Sync="TRUE">ACRES</attrlabl><attalias Sync="TRUE">ACRES</attalias><attrtype Sync="TRUE">Double</attrtype><attwidth Sync="TRUE">19</attwidth><atprecis Sync="TRUE">0</atprecis><attscale Sync="TRUE">0</attscale></attr><attr><attrlabl Sync="TRUE">TMK8_NUM</attrlabl><attalias Sync="TRUE">TMK8_NUM</attalias><attrtype Sync="TRUE">Double</attrtype><attwidth Sync="TRUE">19</attwidth><atprecis Sync="TRUE">0</atprecis><attscale Sync="TRUE">0</attscale></attr><attr><attrlabl Sync="TRUE">TMK8_ALPH</attrlabl><attalias Sync="TRUE">TMK8_ALPH</attalias><attrtype Sync="TRUE">String</attrtype><attwidth Sync="TRUE">16</attwidth><atprecis Sync="TRUE">0</atprecis><attscale Sync="TRUE">0</attscale></attr><attr><attrlabl Sync="TRUE">TMK_9</attrlabl><attalias Sync="TRUE">TMK_9</attalias><attrtype Sync="TRUE">Double</attrtype><attwidth Sync="TRUE">19</attwidth><atprecis Sync="TRUE">0</atprecis><attscale Sync="TRUE">0</attscale></attr><attr><attrlabl Sync="TRUE">TYPE</attrlabl><attalias Sync="TRUE">TYPE</attalias><attrtype Sync="TRUE">String</attrtype><attwidth Sync="TRUE">18</attwidth><atprecis Sync="TRUE">0</atprecis><attscale Sync="TRUE">0</attscale></attr><attr><attrlabl Sync="TRUE">OSDS_CLASS</attrlabl><attalias Sync="TRUE">OSDS_CLASS</attalias><attrtype Sync="TRUE">String</attrtype><attwidth Sync="TRUE">18</attwidth><atprecis Sync="TRUE">0</atprecis><attscale Sync="TRUE">0</attscale></attr><attr><attrlabl Sync="TRUE">X</attrlabl><attalias Sync="TRUE">X</attalias><attrtype Sync="TRUE">Double</attrtype><attwidth Sync="TRUE">19</attwidth><atprecis Sync="TRUE">0</atprecis><attscale Sync="TRUE">0</attscale></attr><attr><attrlabl Sync="TRUE">Y</attrlabl><attalias Sync="TRUE">Y</attalias><attrtype Sync="TRUE">Double</attrtype><attwidth Sync="TRUE">19</attwidth><atprecis Sync="TRUE">0</atprecis><attscale Sync="TRUE">0</attscale></attr><attr><attrlabl Sync="TRUE">SOIL_QTY</attrlabl><attalias Sync="TRUE">SOIL_QTY</attalias><attrtype Sync="TRUE">Double</attrtype><attwidth Sync="TRUE">19</attwidth><atprecis Sync="TRUE">0</atprecis><attscale Sync="TRUE">0</attscale></attr><attr><attrlabl Sync="TRUE">SOIL_N</attrlabl><attalias Sync="TRUE">SOIL_N</attalias><attrtype Sync="TRUE">Double</attrtype><attwidth Sync="TRUE">19</attwidth><atprecis Sync="TRUE">0</atprecis><attscale Sync="TRUE">0</attscale></attr><attr><attrlabl Sync="TRUE">SOIL_P</attrlabl><attalias Sync="TRUE">SOIL_P</attalias><attrtype Sync="TRUE">Double</attrtype><attwidth Sync="TRUE">19</attwidth><atprecis Sync="TRUE">0</atprecis><attscale Sync="TRUE">0</attscale></attr><attr><attrlabl Sync="TRUE">SOIL_FC</attrlabl><attalias Sync="TRUE">SOIL_FC</attalias><attrtype Sync="TRUE">Double</attrtype><attwidth Sync="TRUE">19</attwidth><atprecis Sync="TRUE">0</atprecis><attscale Sync="TRUE">0</attscale></attr><attr><attrlabl Sync="TRUE">SOIL_EFF</attrlabl><attalias Sync="TRUE">SOIL_EFF</attalias><attrtype Sync="TRUE">Double</attrtype><attwidth Sync="TRUE">19</attwidth><atprecis Sync="TRUE">0</atprecis><attscale Sync="TRUE">0</attscale></attr><attr><attrlabl Sync="TRUE">SOIL_NFLX</attrlabl><attalias Sync="TRUE">SOIL_NFLX</attalias><attrtype Sync="TRUE">Double</attrtype><attwidth Sync="TRUE">19</attwidth><atprecis Sync="TRUE">0</atprecis><attscale Sync="TRUE">0</attscale></attr><attr><attrlabl Sync="TRUE">SOIL_PFLX</attrlabl><attalias Sync="TRUE">SOIL_PFLX</attalias><attrtype Sync="TRUE">Double</attrtype><attwidth Sync="TRUE">19</attwidth><atprecis Sync="TRUE">0</atprecis><attscale Sync="TRUE">0</attscale></attr><attr><attrlabl Sync="TRUE">ST_QTY_1</attrlabl><attalias Sync="TRUE">ST_QTY_1</attalias><attrtype Sync="TRUE">String</attrtype><attwidth Sync="TRUE">9</attwidth><atprecis Sync="TRUE">0</atprecis><attscale Sync="TRUE">0</attscale></attr><attr><attrlabl Sync="TRUE">ST_N_1</attrlabl><attalias Sync="TRUE">ST_N_1</attalias><attrtype Sync="TRUE">String</attrtype><attwidth Sync="TRUE">9</attwidth><atprecis Sync="TRUE">0</atprecis><attscale Sync="TRUE">0</attscale></attr><attr><attrlabl Sync="TRUE">ST_P_1</attrlabl><attalias Sync="TRUE">ST_P_1</attalias><attrtype Sync="TRUE">String</attrtype><attwidth Sync="TRUE">9</attwidth><atprecis Sync="TRUE">0</atprecis><attscale Sync="TRUE">0</attscale></attr><attr><attrlabl Sync="TRUE">ST_FC_1</attrlabl><attalias Sync="TRUE">ST_FC_1</attalias><attrtype Sync="TRUE">String</attrtype><attwidth Sync="TRUE">9</attwidth><atprecis Sync="TRUE">0</atprecis><attscale Sync="TRUE">0</attscale></attr><attr><attrlabl Sync="TRUE">ST_EFF_1</attrlabl><attalias Sync="TRUE">ST_EFF_1</attalias><attrtype Sync="TRUE">String</attrtype><attwidth Sync="TRUE">9</attwidth><atprecis Sync="TRUE">0</atprecis><attscale Sync="TRUE">0</attscale></attr><attr><attrlabl Sync="TRUE">ST_NFLX_1</attrlabl><attalias Sync="TRUE">ST_NFLX_1</attalias><attrtype Sync="TRUE">String</attrtype><attwidth Sync="TRUE">9</attwidth><atprecis Sync="TRUE">0</atprecis><attscale Sync="TRUE">0</attscale></attr><attr><attrlabl Sync="TRUE">ST_PFLX_1</attrlabl><attalias Sync="TRUE">ST_PFLX_1</attalias><attrtype Sync="TRUE">String</attrtype><attwidth Sync="TRUE">9</attwidth><atprecis Sync="TRUE">0</atprecis><attscale Sync="TRUE">0</attscale></attr><attr><attrlabl Sync="TRUE">AU_QTY</attrlabl><attalias Sync="TRUE">AU_QTY</attalias><attrtype Sync="TRUE">String</attrtype><attwidth Sync="TRUE">9</attwidth><atprecis Sync="TRUE">0</atprecis><attscale Sync="TRUE">0</attscale></attr><attr><attrlabl Sync="TRUE">AU_N</attrlabl><attalias Sync="TRUE">AU_N</attalias><attrtype Sync="TRUE">String</attrtype><attwidth Sync="TRUE">9</attwidth><atprecis Sync="TRUE">0</atprecis><attscale Sync="TRUE">0</attscale></attr><attr><attrlabl Sync="TRUE">AU_P</attrlabl><attalias Sync="TRUE">AU_P</attalias><attrtype Sync="TRUE">String</attrtype><attwidth Sync="TRUE">9</attwidth><atprecis Sync="TRUE">0</atprecis><attscale Sync="TRUE">0</attscale></attr><attr><attrlabl Sync="TRUE">AU_FC</attrlabl><attalias Sync="TRUE">AU_FC</attalias><attrtype Sync="TRUE">String</attrtype><attwidth Sync="TRUE">9</attwidth><atprecis Sync="TRUE">0</atprecis><attscale Sync="TRUE">0</attscale></attr><attr><attrlabl Sync="TRUE">AU_EFF</attrlabl><attalias Sync="TRUE">AU_EFF</attalias><attrtype Sync="TRUE">String</attrtype><attwidth Sync="TRUE">9</attwidth><atprecis Sync="TRUE">0</atprecis><attscale Sync="TRUE">0</attscale></attr><attr><attrlabl Sync="TRUE">AU_NFLX</attrlabl><attalias Sync="TRUE">AU_NFLX</attalias><attrtype Sync="TRUE">String</attrtype><attwidth Sync="TRUE">9</attwidth><atprecis Sync="TRUE">0</atprecis><attscale Sync="TRUE">0</attscale></attr><attr><attrlabl Sync="TRUE">AU_PFLX</attrlabl><attalias Sync="TRUE">AU_PFLX</attalias><attrtype Sync="TRUE">String</attrtype><attwidth Sync="TRUE">9</attwidth><atprecis Sync="TRUE">0</atprecis><attscale Sync="TRUE">0</attscale></attr><attr><attrlabl Sync="TRUE">CP_QTY</attrlabl><attalias Sync="TRUE">CP_QTY</attalias><attrtype Sync="TRUE">String</attrtype><attwidth Sync="TRUE">9</attwidth><atprecis Sync="TRUE">0</atprecis><attscale Sync="TRUE">0</attscale></attr><attr><attrlabl Sync="TRUE">CP_N</attrlabl><attalias Sync="TRUE">CP_N</attalias><attrtype Sync="TRUE">String</attrtype><attwidth Sync="TRUE">9</attwidth><atprecis Sync="TRUE">0</atprecis><attscale Sync="TRUE">0</attscale></attr><attr><attrlabl Sync="TRUE">CP_P</attrlabl><attalias Sync="TRUE">CP_P</attalias><attrtype Sync="TRUE">String</attrtype><attwidth Sync="TRUE">9</attwidth><atprecis Sync="TRUE">0</atprecis><attscale Sync="TRUE">0</attscale></attr><attr><attrlabl Sync="TRUE">CP_FC</attrlabl><attalias Sync="TRUE">CP_FC</attalias><attrtype Sync="TRUE">String</attrtype><attwidth Sync="TRUE">9</attwidth><atprecis Sync="TRUE">0</atprecis><attscale Sync="TRUE">0</attscale></attr><attr><attrlabl Sync="TRUE">CP_EFF</attrlabl><attalias Sync="TRUE">CP_EFF</attalias><attrtype Sync="TRUE">String</attrtype><attwidth Sync="TRUE">9</attwidth><atprecis Sync="TRUE">0</atprecis><attscale Sync="TRUE">0</attscale></attr><attr><attrlabl Sync="TRUE">CP_NFLX</attrlabl><attalias Sync="TRUE">CP_NFLX</attalias><attrtype Sync="TRUE">String</attrtype><attwidth Sync="TRUE">19</attwidth><atprecis Sync="TRUE">0</atprecis><attscale Sync="TRUE">0</attscale></attr><attr><attrlabl Sync="TRUE">CP_PFLX</attrlabl><attalias Sync="TRUE">CP_PFLX</attalias><attrtype Sync="TRUE">String</attrtype><attwidth Sync="TRUE">19</attwidth><atprecis Sync="TRUE">0</atprecis><attscale Sync="TRUE">0</attscale></attr><attr><attrlabl Sync="TRUE">TTL_OSDS</attrlabl><attalias Sync="TRUE">TTL_OSDS</attalias><attrtype Sync="TRUE">Double</attrtype><attwidth Sync="TRUE">19</attwidth><atprecis Sync="TRUE">0</atprecis><attscale Sync="TRUE">0</attscale></attr><attr><attrlabl Sync="TRUE">TTL_EFF</attrlabl><attalias Sync="TRUE">TTL_EFF</attalias><attrtype Sync="TRUE">Integer</attrtype><attwidth Sync="TRUE">10</attwidth><atprecis Sync="TRUE">10</atprecis><attscale Sync="TRUE">0</attscale></attr><attr><attrlabl Sync="TRUE">TTL_N</attrlabl><attalias Sync="TRUE">TTL_N</attalias><attrtype Sync="TRUE">Double</attrtype><attwidth Sync="TRUE">19</attwidth><atprecis Sync="TRUE">0</atprecis><attscale Sync="TRUE">0</attscale></attr><attr><attrlabl Sync="TRUE">TTL_P</attrlabl><attalias Sync="TRUE">TTL_P</attalias><attrtype Sync="TRUE">Double</attrtype><attwidth Sync="TRUE">19</attwidth><atprecis Sync="TRUE">0</atprecis><attscale Sync="TRUE">0</attscale></attr><attr><attrlabl Sync="TRUE">RSK_SCORE</attrlabl><attalias Sync="TRUE">RSK_SCORE</attalias><attrtype Sync="TRUE">Double</attrtype><attwidth Sync="TRUE">19</attwidth><atprecis Sync="TRUE">0</atprecis><attscale Sync="TRUE">0</attscale></attr><attr><attrlabl Sync="TRUE">TOWNS</attrlabl><attalias Sync="TRUE">TOWNS</attalias><attrtype Sync="TRUE">String</attrtype><attwidth Sync="TRUE">30</attwidth><atprecis Sync="TRUE">0</atprecis><attscale Sync="TRUE">0</attscale></attr></detailed></eainfo><mdDateSt Sync="TRUE">20190401</mdDateSt></metadata>
